id,first_name,last_name,email
290b46de-a1d3-454e-8e34-f3ab515ef078,Bryna,Templeman,btempleman0@microsoft.com
12003e85-fe27-4071-bc4f-f79d2f404a6a,Waverley,Ferrettini,wferrettini1@umich.edu
0792040d-c241-435a-991c-ff5f40da3070,Caralie,Penniell,cpenniell2@mtv.com
2fb1bb33-6d50-43c8-b888-1e803e9f2401,Goran,Emerton,gemerton3@msn.com
feaf2d88-6abf-44c8-833d-45f2e9d1b545,Pepillo,Crozier,pcrozier4@themeforest.net
ae26f51e-a4d8-44b3-a73c-817e65a5c772,Ellette,Haswall,ehaswall5@instagram.com
738d6bc3-99ac-4f6c-a94e-f0fe8509cc58,Puff,Arent,parent6@4shared.com
8739cd07-82a0-48a5-838f-168fc5a77dba,Parsifal,Rapkins,prapkins7@upenn.edu
dc670dab-c13b-4da8-869f-5501f4a4c748,Killian,Beslier,kbeslier8@google.fr
77024bdb-8d76-4503-8c6c-f467b453987d,Chelsy,Fetherby,cfetherby9@imdb.com
